time,total_energy_consumed,average_remaining_energy,alive_nodes,active_sensors,dead_nodes,generated_packets,delivered_packets,lost_packets,packet_delivery_ratio,average_delay,communication_overhead,parent_changes,current_packet_id,current_source_sensor_id,current_temperature,selected_route_path,last_packet_status
0.0,0.6495977595423241,1.9783467413485891,30,29,0,30,15,15,0.5,4.731513678478703,51,0,RL-00030,30,26.882777788810984,30 -> 18 -> 0,lost
1.0,0.6495977595423241,1.9783467413485891,30,29,0,30,15,15,0.5,4.731513678478703,51,0,,,,,
2.0,0.6495977595423241,1.9783467413485891,30,29,0,30,15,15,0.5,4.731513678478703,51,0,,,,,
3.0,0.6495977595423241,1.9783467413485891,30,29,0,30,15,15,0.5,4.731513678478703,51,0,,,,,
4.0,0.6495977595423241,1.9783467413485891,30,29,0,30,15,15,0.5,4.731513678478703,51,0,,,,,
5.0,1.267881778505334,1.9577372740498222,30,29,0,60,20,40,0.3333333333333333,5.892464748734628,100,2,RL-00060,30,23.37046005547336,30 -> 18 -> 0,lost
6.0,1.267881778505334,1.9577372740498222,30,29,0,60,20,40,0.3333333333333333,5.892464748734628,100,2,,,,,
7.0,1.267881778505334,1.9577372740498222,30,29,0,60,20,40,0.3333333333333333,5.892464748734628,100,2,,,,,
8.0,1.267881778505334,1.9577372740498222,30,29,0,60,20,40,0.3333333333333333,5.892464748734628,100,2,,,,,
9.0,1.267881778505334,1.9577372740498222,30,29,0,60,20,40,0.3333333333333333,5.892464748734628,100,2,,,,,
10.0,1.8575940240856994,1.9380801991971432,30,29,0,90,27,63,0.3,7.526775956198115,146,5,RL-00090,30,21.201671978608804,30 -> 18 -> 0,lost
11.0,1.8575940240856994,1.9380801991971432,30,29,0,90,27,63,0.3,7.526775956198115,146,5,,,,,
12.0,1.8575940240856994,1.9380801991971432,30,29,0,90,27,63,0.3,7.526775956198115,146,5,,,,,
13.0,1.8575940240856994,1.9380801991971432,30,29,0,90,27,63,0.3,7.526775956198115,146,5,,,,,
14.0,1.8575940240856994,1.9380801991971432,30,29,0,90,27,63,0.3,7.526775956198115,146,5,,,,,
15.0,2.4678421846270737,1.9177385938457643,30,29,0,120,31,89,0.25833333333333336,8.678811893788167,193,8,RL-00120,30,24.623875248952004,30 -> 18 -> 0,delivered
16.0,2.4678421846270737,1.9177385938457643,30,29,0,120,31,89,0.25833333333333336,8.678811893788167,193,8,,,,,
17.0,2.4678421846270737,1.9177385938457643,30,29,0,120,31,89,0.25833333333333336,8.678811893788167,193,8,,,,,
18.0,2.4678421846270737,1.9177385938457643,30,29,0,120,31,89,0.25833333333333336,8.678811893788167,193,8,,,,,
19.0,2.4678421846270737,1.9177385938457643,30,29,0,120,31,89,0.25833333333333336,8.678811893788167,193,8,,,,,
20.0,3.067767883127324,1.8977410705624225,30,29,0,150,38,112,0.25333333333333335,10.127574389452022,239,10,RL-00150,30,24.50483402316896,30 -> 18 -> 0,lost
21.0,3.067767883127324,1.8977410705624225,30,29,0,150,38,112,0.25333333333333335,10.127574389452022,239,10,,,,,
22.0,3.067767883127324,1.8977410705624225,30,29,0,150,38,112,0.25333333333333335,10.127574389452022,239,10,,,,,
23.0,3.067767883127324,1.8977410705624225,30,29,0,150,38,112,0.25333333333333335,10.127574389452022,239,10,,,,,
24.0,3.067767883127324,1.8977410705624225,30,29,0,150,38,112,0.25333333333333335,10.127574389452022,239,10,,,,,
25.0,3.670327054071123,1.877655764864296,30,29,0,180,45,135,0.25,11.687356187803228,286,12,RL-00180,30,27.819497192419732,30 -> 18 -> 0,lost
26.0,3.670327054071123,1.877655764864296,30,29,0,180,45,135,0.25,11.687356187803228,286,12,,,,,
27.0,3.670327054071123,1.877655764864296,30,29,0,180,45,135,0.25,11.687356187803228,286,12,,,,,
28.0,3.670327054071123,1.877655764864296,30,29,0,180,45,135,0.25,11.687356187803228,286,12,,,,,
29.0,3.670327054071123,1.877655764864296,30,29,0,180,45,135,0.25,11.687356187803228,286,12,,,,,
30.0,4.2299506891093515,1.859001643696355,30,29,0,210,49,161,0.23333333333333334,12.680421874924265,328,14,RL-00210,30,22.285735186771856,30 -> 18,lost
31.0,4.2299506891093515,1.859001643696355,30,29,0,210,49,161,0.23333333333333334,12.680421874924265,328,14,,,,,
32.0,4.2299506891093515,1.859001643696355,30,29,0,210,49,161,0.23333333333333334,12.680421874924265,328,14,,,,,
33.0,4.2299506891093515,1.859001643696355,30,29,0,210,49,161,0.23333333333333334,12.680421874924265,328,14,,,,,
34.0,4.2299506891093515,1.859001643696355,30,29,0,210,49,161,0.23333333333333334,12.680421874924265,328,14,,,,,
35.0,4.826335500337713,1.839122149988743,30,29,0,240,52,188,0.21666666666666667,13.51678492701134,375,16,RL-00240,30,30.359140091697846,30 -> 18 -> 0,lost
36.0,4.826335500337713,1.839122149988743,30,29,0,240,52,188,0.21666666666666667,13.51678492701134,375,16,,,,,
37.0,4.826335500337713,1.839122149988743,30,29,0,240,52,188,0.21666666666666667,13.51678492701134,375,16,,,,,
38.0,4.826335500337713,1.839122149988743,30,29,0,240,52,188,0.21666666666666667,13.51678492701134,375,16,,,,,
39.0,4.826335500337713,1.839122149988743,30,29,0,240,52,188,0.21666666666666667,13.51678492701134,375,16,,,,,
40.0,5.377629491443926,1.8207456836185358,30,29,0,270,56,214,0.2074074074074074,14.581338581033753,417,19,RL-00270,30,29.144463683676953,30 -> 18 -> 0,delivered
41.0,5.377629491443926,1.8207456836185358,30,29,0,270,56,214,0.2074074074074074,14.581338581033753,417,19,,,,,
42.0,5.377629491443926,1.8207456836185358,30,29,0,270,56,214,0.2074074074074074,14.581338581033753,417,19,,,,,
43.0,5.377629491443926,1.8207456836185358,30,29,0,270,56,214,0.2074074074074074,14.581338581033753,417,19,,,,,
44.0,5.377629491443926,1.8207456836185358,30,29,0,270,56,214,0.2074074074074074,14.581338581033753,417,19,,,,,
45.0,5.936164931968413,1.8021278356010528,30,29,0,300,64,236,0.21333333333333335,16.941036907441813,460,21,RL-00300,30,28.251449134576745,30 -> 18 -> 0,lost
46.0,5.936164931968413,1.8021278356010528,30,29,0,300,64,236,0.21333333333333335,16.941036907441813,460,21,,,,,
47.0,5.936164931968413,1.8021278356010528,30,29,0,300,64,236,0.21333333333333335,16.941036907441813,460,21,,,,,
48.0,5.936164931968413,1.8021278356010528,30,29,0,300,64,236,0.21333333333333335,16.941036907441813,460,21,,,,,
49.0,5.936164931968413,1.8021278356010528,30,29,0,300,64,236,0.21333333333333335,16.941036907441813,460,21,,,,,
50.0,6.528818226292614,1.7823727257902462,30,29,0,330,68,262,0.20606060606060606,18.007335760871722,505,24,RL-00330,30,25.791181287364736,30 -> 18 -> 0,delivered
51.0,6.528818226292614,1.7823727257902462,30,29,0,330,68,262,0.20606060606060606,18.007335760871722,505,24,,,,,
52.0,6.528818226292614,1.7823727257902462,30,29,0,330,68,262,0.20606060606060606,18.007335760871722,505,24,,,,,
53.0,6.528818226292614,1.7823727257902462,30,29,0,330,68,262,0.20606060606060606,18.007335760871722,505,24,,,,,
54.0,6.528818226292614,1.7823727257902462,30,29,0,330,68,262,0.20606060606060606,18.007335760871722,505,24,,,,,
55.0,7.081776873107813,1.7639407708964063,30,29,0,360,72,288,0.2,19.042969885267738,547,26,RL-00360,30,23.75147336611552,30 -> 18 -> 0,lost
56.0,7.081776873107813,1.7639407708964063,30,29,0,360,72,288,0.2,19.042969885267738,547,26,,,,,
57.0,7.081776873107813,1.7639407708964063,30,29,0,360,72,288,0.2,19.042969885267738,547,26,,,,,
58.0,7.081776873107813,1.7639407708964063,30,29,0,360,72,288,0.2,19.042969885267738,547,26,,,,,
59.0,7.081776873107813,1.7639407708964063,30,29,0,360,72,288,0.2,19.042969885267738,547,26,,,,,
60.0,7.652176692996612,1.7449274435667796,30,29,0,390,76,314,0.19487179487179487,20.059061972345468,590,29,RL-00390,30,23.507328533173748,30 -> 18,lost
61.0,7.652176692996612,1.7449274435667796,30,29,0,390,76,314,0.19487179487179487,20.059061972345468,590,29,,,,,
62.0,7.652176692996612,1.7449274435667796,30,29,0,390,76,314,0.19487179487179487,20.059061972345468,590,29,,,,,
63.0,7.652176692996612,1.7449274435667796,30,29,0,390,76,314,0.19487179487179487,20.059061972345468,590,29,,,,,
64.0,7.652176692996612,1.7449274435667796,30,29,0,390,76,314,0.19487179487179487,20.059061972345468,590,29,,,,,
65.0,8.167775013568637,1.7277408328810455,30,29,0,420,79,341,0.1880952380952381,20.764382403775386,628,30,RL-00420,30,22.617456813520903,30 -> 18 -> 0,lost
66.0,8.167775013568637,1.7277408328810455,30,29,0,420,79,341,0.1880952380952381,20.764382403775386,628,30,,,,,
67.0,8.167775013568637,1.7277408328810455,30,29,0,420,79,341,0.1880952380952381,20.764382403775386,628,30,,,,,
68.0,8.167775013568637,1.7277408328810455,30,29,0,420,79,341,0.1880952380952381,20.764382403775386,628,30,,,,,
69.0,8.167775013568637,1.7277408328810455,30,29,0,420,79,341,0.1880952380952381,20.764382403775386,628,30,,,,,
70.0,8.740274990973887,1.7086575003008704,30,29,0,450,85,365,0.18888888888888888,22.305858214274387,671,33,RL-00450,30,29.980107800043733,30 -> 18 -> 0,delivered
71.0,8.740274990973887,1.7086575003008704,30,29,0,450,85,365,0.18888888888888888,22.305858214274387,671,33,,,,,
72.0,8.740274990973887,1.7086575003008704,30,29,0,450,85,365,0.18888888888888888,22.305858214274387,671,33,,,,,
73.0,8.740274990973887,1.7086575003008704,30,29,0,450,85,365,0.18888888888888888,22.305858214274387,671,33,,,,,
74.0,8.740274990973887,1.7086575003008704,30,29,0,450,85,365,0.18888888888888888,22.305858214274387,671,33,,,,,
75.0,9.280913773208141,1.6906362075597285,30,29,0,480,88,392,0.18333333333333332,23.039302604655937,711,35,RL-00480,30,24.921835339067616,30 -> 18,lost
76.0,9.280913773208141,1.6906362075597285,30,29,0,480,88,392,0.18333333333333332,23.039302604655937,711,35,,,,,
77.0,9.280913773208141,1.6906362075597285,30,29,0,480,88,392,0.18333333333333332,23.039302604655937,711,35,,,,,
78.0,9.280913773208141,1.6906362075597285,30,29,0,480,88,392,0.18333333333333332,23.039302604655937,711,35,,,,,
79.0,9.280913773208141,1.6906362075597285,30,29,0,480,88,392,0.18333333333333332,23.039302604655937,711,35,,,,,
80.0,9.802989757815787,1.6732336747394738,30,29,0,510,93,417,0.18235294117647058,24.269677873065472,750,37,RL-00510,30,27.610053279346673,30 -> 18,lost
81.0,9.802989757815787,1.6732336747394738,30,29,0,510,93,417,0.18235294117647058,24.269677873065472,750,37,,,,,
82.0,9.802989757815787,1.6732336747394738,30,29,0,510,93,417,0.18235294117647058,24.269677873065472,750,37,,,,,
83.0,9.802989757815787,1.6732336747394738,30,29,0,510,93,417,0.18235294117647058,24.269677873065472,750,37,,,,,
84.0,9.802989757815787,1.6732336747394738,30,29,0,510,93,417,0.18235294117647058,24.269677873065472,750,37,,,,,
85.0,10.322928227923214,1.6559023924025595,30,29,0,540,99,441,0.18333333333333332,25.748903587681372,788,37,RL-00540,30,25.42742144520177,30 -> 18,lost
86.0,10.322928227923214,1.6559023924025595,30,29,0,540,99,441,0.18333333333333332,25.748903587681372,788,37,,,,,
87.0,10.322928227923214,1.6559023924025595,30,29,0,540,99,441,0.18333333333333332,25.748903587681372,788,37,,,,,
88.0,10.322928227923214,1.6559023924025595,30,29,0,540,99,441,0.18333333333333332,25.748903587681372,788,37,,,,,
89.0,10.322928227923214,1.6559023924025595,30,29,0,540,99,441,0.18333333333333332,25.748903587681372,788,37,,,,,
90.0,10.841286431417636,1.6386237856194121,30,29,0,570,104,466,0.1824561403508772,26.978571972052634,826,38,RL-00570,30,27.530106720398532,30 -> 18,lost
91.0,10.841286431417636,1.6386237856194121,30,29,0,570,104,466,0.1824561403508772,26.978571972052634,826,38,,,,,
92.0,10.841286431417636,1.6386237856194121,30,29,0,570,104,466,0.1824561403508772,26.978571972052634,826,38,,,,,
93.0,10.841286431417636,1.6386237856194121,30,29,0,570,104,466,0.1824561403508772,26.978571972052634,826,38,,,,,
94.0,10.841286431417636,1.6386237856194121,30,29,0,570,104,466,0.1824561403508772,26.978571972052634,826,38,,,,,
95.0,11.39826224707663,1.6200579250974456,30,29,0,600,110,490,0.18333333333333332,28.32609794327342,869,40,RL-00600,30,20.94650805548337,30 -> 18 -> 0,lost
96.0,11.39826224707663,1.6200579250974456,30,29,0,600,110,490,0.18333333333333332,28.32609794327342,869,40,,,,,
97.0,11.39826224707663,1.6200579250974456,30,29,0,600,110,490,0.18333333333333332,28.32609794327342,869,40,,,,,
98.0,11.39826224707663,1.6200579250974456,30,29,0,600,110,490,0.18333333333333332,28.32609794327342,869,40,,,,,
99.0,11.39826224707663,1.6200579250974456,30,29,0,600,110,490,0.18333333333333332,28.32609794327342,869,40,,,,,
100.0,11.96270364817535,1.6012432117274884,30,29,0,630,113,517,0.17936507936507937,29.00305886654031,912,43,RL-00630,30,25.970510689286748,30 -> 18 -> 0,lost
101.0,11.96270364817535,1.6012432117274884,30,29,0,630,113,517,0.17936507936507937,29.00305886654031,912,43,,,,,
102.0,11.96270364817535,1.6012432117274884,30,29,0,630,113,517,0.17936507936507937,29.00305886654031,912,43,,,,,
103.0,11.96270364817535,1.6012432117274884,30,29,0,630,113,517,0.17936507936507937,29.00305886654031,912,43,,,,,
104.0,11.96270364817535,1.6012432117274884,30,29,0,630,113,517,0.17936507936507937,29.00305886654031,912,43,,,,,
105.0,12.480048888504506,1.5839983703831833,30,29,0,660,118,542,0.1787878787878788,30.25836116180226,951,44,RL-00660,30,30.63998198793869,30 -> 18,lost
106.0,12.480048888504506,1.5839983703831833,30,29,0,660,118,542,0.1787878787878788,30.25836116180226,951,44,,,,,
107.0,12.480048888504506,1.5839983703831833,30,29,0,660,118,542,0.1787878787878788,30.25836116180226,951,44,,,,,
108.0,12.480048888504506,1.5839983703831833,30,29,0,660,118,542,0.1787878787878788,30.25836116180226,951,44,,,,,
109.0,12.480048888504506,1.5839983703831833,30,29,0,660,118,542,0.1787878787878788,30.25836116180226,951,44,,,,,
110.0,13.01973682214848,1.5660087725950507,30,29,0,690,120,570,0.17391304347826086,30.832221809105558,991,45,RL-00690,30,24.62810723081644,30 -> 18,lost
111.0,13.01973682214848,1.5660087725950507,30,29,0,690,120,570,0.17391304347826086,30.832221809105558,991,45,,,,,
112.0,13.01973682214848,1.5660087725950507,30,29,0,690,120,570,0.17391304347826086,30.832221809105558,991,45,,,,,
113.0,13.01973682214848,1.5660087725950507,30,29,0,690,120,570,0.17391304347826086,30.832221809105558,991,45,,,,,
114.0,13.01973682214848,1.5660087725950507,30,29,0,690,120,570,0.17391304347826086,30.832221809105558,991,45,,,,,
115.0,13.546212804927265,1.548459573169091,30,29,0,720,124,596,0.17222222222222222,31.82746985020942,1031,46,RL-00720,30,31.642430377581082,30 -> 18,lost
116.0,13.546212804927265,1.548459573169091,30,29,0,720,124,596,0.17222222222222222,31.82746985020942,1031,46,,,,,
117.0,13.546212804927265,1.548459573169091,30,29,0,720,124,596,0.17222222222222222,31.82746985020942,1031,46,,,,,
118.0,13.546212804927265,1.548459573169091,30,29,0,720,124,596,0.17222222222222222,31.82746985020942,1031,46,,,,,
119.0,13.546212804927265,1.548459573169091,30,29,0,720,124,596,0.17222222222222222,31.82746985020942,1031,46,,,,,
120.0,14.031702327782156,1.532276589073928,30,29,0,750,129,621,0.172,32.97719127450648,1067,48,RL-00750,30,27.18618894524725,30 -> 18,lost
121.0,14.031702327782156,1.532276589073928,30,29,0,750,129,621,0.172,32.97719127450648,1067,48,,,,,
122.0,14.031702327782156,1.532276589073928,30,29,0,750,129,621,0.172,32.97719127450648,1067,48,,,,,
123.0,14.031702327782156,1.532276589073928,30,29,0,750,129,621,0.172,32.97719127450648,1067,48,,,,,
124.0,14.031702327782156,1.532276589073928,30,29,0,750,129,621,0.172,32.97719127450648,1067,48,,,,,
125.0,14.614429974838515,1.5128523341720495,30,29,0,780,135,645,0.17307692307692307,34.45939018082473,1111,49,RL-00780,30,21.301066547725338,30 -> 18 -> 0,lost
126.0,14.614429974838515,1.5128523341720495,30,29,0,780,135,645,0.17307692307692307,34.45939018082473,1111,49,,,,,
127.0,14.614429974838515,1.5128523341720495,30,29,0,780,135,645,0.17307692307692307,34.45939018082473,1111,49,,,,,
128.0,14.614429974838515,1.5128523341720495,30,29,0,780,135,645,0.17307692307692307,34.45939018082473,1111,49,,,,,
129.0,14.614429974838515,1.5128523341720495,30,29,0,780,135,645,0.17307692307692307,34.45939018082473,1111,49,,,,,
130.0,15.130652262032136,1.4956449245989287,30,29,0,810,138,672,0.17037037037037037,35.12103387254594,1149,51,RL-00810,30,32.24679838899696,30 -> 18 -> 0,lost
131.0,15.130652262032136,1.4956449245989287,30,29,0,810,138,672,0.17037037037037037,35.12103387254594,1149,51,,,,,
132.0,15.130652262032136,1.4956449245989287,30,29,0,810,138,672,0.17037037037037037,35.12103387254594,1149,51,,,,,
133.0,15.130652262032136,1.4956449245989287,30,29,0,810,138,672,0.17037037037037037,35.12103387254594,1149,51,,,,,
134.0,15.130652262032136,1.4956449245989287,30,29,0,810,138,672,0.17037037037037037,35.12103387254594,1149,51,,,,,
135.0,15.669066774817722,1.4776977741727426,30,29,0,840,144,696,0.17142857142857143,36.553266351884076,1189,52,RL-00840,30,24.52646652716305,30 -> 18,lost
136.0,15.669066774817722,1.4776977741727426,30,29,0,840,144,696,0.17142857142857143,36.553266351884076,1189,52,,,,,
137.0,15.669066774817722,1.4776977741727426,30,29,0,840,144,696,0.17142857142857143,36.553266351884076,1189,52,,,,,
138.0,15.669066774817722,1.4776977741727426,30,29,0,840,144,696,0.17142857142857143,36.553266351884076,1189,52,,,,,
139.0,15.669066774817722,1.4776977741727426,30,29,0,840,144,696,0.17142857142857143,36.553266351884076,1189,52,,,,,
140.0,16.179113104096487,1.4606962298634505,30,29,0,870,147,723,0.16896551724137931,37.22721329708372,1226,53,RL-00870,30,23.92342441078029,30 -> 18,lost
141.0,16.179113104096487,1.4606962298634505,30,29,0,870,147,723,0.16896551724137931,37.22721329708372,1226,53,,,,,
142.0,16.179113104096487,1.4606962298634505,30,29,0,870,147,723,0.16896551724137931,37.22721329708372,1226,53,,,,,
143.0,16.179113104096487,1.4606962298634505,30,29,0,870,147,723,0.16896551724137931,37.22721329708372,1226,53,,,,,
144.0,16.179113104096487,1.4606962298634505,30,29,0,870,147,723,0.16896551724137931,37.22721329708372,1226,53,,,,,
145.0,16.684289056996555,1.4438570314334482,30,29,0,900,152,748,0.1688888888888889,38.35457470178493,1264,55,RL-00900,30,21.444708353771126,30 -> 18,lost
146.0,16.684289056996555,1.4438570314334482,30,29,0,900,152,748,0.1688888888888889,38.35457470178493,1264,55,,,,,
147.0,16.684289056996555,1.4438570314334482,30,29,0,900,152,748,0.1688888888888889,38.35457470178493,1264,55,,,,,
148.0,16.684289056996555,1.4438570314334482,30,29,0,900,152,748,0.1688888888888889,38.35457470178493,1264,55,,,,,
149.0,16.684289056996555,1.4438570314334482,30,29,0,900,152,748,0.1688888888888889,38.35457470178493,1264,55,,,,,
150.0,17.23940173633821,1.425353275455393,30,29,0,930,160,770,0.17204301075268819,40.23445361208626,1306,56,RL-00930,30,34.88878817676196,30 -> 18,lost
151.0,17.23940173633821,1.425353275455393,30,29,0,930,160,770,0.17204301075268819,40.23445361208626,1306,56,,,,,
152.0,17.23940173633821,1.425353275455393,30,29,0,930,160,770,0.17204301075268819,40.23445361208626,1306,56,,,,,
153.0,17.23940173633821,1.425353275455393,30,29,0,930,160,770,0.17204301075268819,40.23445361208626,1306,56,,,,,
154.0,17.23940173633821,1.425353275455393,30,29,0,930,160,770,0.17204301075268819,40.23445361208626,1306,56,,,,,
155.0,17.750312947658998,1.4083229017447,30,29,0,960,163,797,0.16979166666666667,40.923574097753395,1345,57,RL-00960,30,24.809977330626314,30 -> 18 -> 0,lost
156.0,17.750312947658998,1.4083229017447,30,29,0,960,163,797,0.16979166666666667,40.923574097753395,1345,57,,,,,
157.0,17.750312947658998,1.4083229017447,30,29,0,960,163,797,0.16979166666666667,40.923574097753395,1345,57,,,,,
158.0,17.750312947658998,1.4083229017447,30,29,0,960,163,797,0.16979166666666667,40.923574097753395,1345,57,,,,,
159.0,17.750312947658998,1.4083229017447,30,29,0,960,163,797,0.16979166666666667,40.923574097753395,1345,57,,,,,
160.0,18.26522057116641,1.391159314294453,30,29,0,990,166,824,0.16767676767676767,41.68137113160736,1383,58,RL-00990,30,31.58513348693648,30 -> 18,lost
161.0,18.26522057116641,1.391159314294453,30,29,0,990,166,824,0.16767676767676767,41.68137113160736,1383,58,,,,,
162.0,18.26522057116641,1.391159314294453,30,29,0,990,166,824,0.16767676767676767,41.68137113160736,1383,58,,,,,
163.0,18.26522057116641,1.391159314294453,30,29,0,990,166,824,0.16767676767676767,41.68137113160736,1383,58,,,,,
164.0,18.26522057116641,1.391159314294453,30,29,0,990,166,824,0.16767676767676767,41.68137113160736,1383,58,,,,,
165.0,18.777018657611904,1.3740993780796031,30,29,0,1020,169,851,0.16568627450980392,42.310681111519656,1420,59,RL-01020,30,21.271279529345417,30 -> 18,lost
166.0,18.777018657611904,1.3740993780796031,30,29,0,1020,169,851,0.16568627450980392,42.310681111519656,1420,59,,,,,
167.0,18.777018657611904,1.3740993780796031,30,29,0,1020,169,851,0.16568627450980392,42.310681111519656,1420,59,,,,,
168.0,18.777018657611904,1.3740993780796031,30,29,0,1020,169,851,0.16568627450980392,42.310681111519656,1420,59,,,,,
169.0,18.777018657611904,1.3740993780796031,30,29,0,1020,169,851,0.16568627450980392,42.310681111519656,1420,59,,,,,
170.0,19.267439018591382,1.3577520327136205,30,29,0,1050,174,876,0.1657142857142857,43.435279155289855,1456,60,RL-01050,30,32.16054075259115,30 -> 18,lost
171.0,19.267439018591382,1.3577520327136205,30,29,0,1050,174,876,0.1657142857142857,43.435279155289855,1456,60,,,,,
172.0,19.267439018591382,1.3577520327136205,30,29,0,1050,174,876,0.1657142857142857,43.435279155289855,1456,60,,,,,
173.0,19.267439018591382,1.3577520327136205,30,29,0,1050,174,876,0.1657142857142857,43.435279155289855,1456,60,,,,,
174.0,19.267439018591382,1.3577520327136205,30,29,0,1050,174,876,0.1657142857142857,43.435279155289855,1456,60,,,,,
175.0,19.768509932497636,1.3410496689167455,30,29,0,1080,178,902,0.1648148148148148,44.390722488390196,1493,60,RL-01080,30,30.23827889139809,30 -> 18,lost
176.0,19.768509932497636,1.3410496689167455,30,29,0,1080,178,902,0.1648148148148148,44.390722488390196,1493,60,,,,,
177.0,19.768509932497636,1.3410496689167455,30,29,0,1080,178,902,0.1648148148148148,44.390722488390196,1493,60,,,,,
178.0,19.768509932497636,1.3410496689167455,30,29,0,1080,178,902,0.1648148148148148,44.390722488390196,1493,60,,,,,
179.0,19.768509932497636,1.3410496689167455,30,29,0,1080,178,902,0.1648148148148148,44.390722488390196,1493,60,,,,,
180.0,20.292232182669437,1.3235922605776855,30,29,0,1110,181,929,0.16306306306306306,45.075019905709695,1532,60,RL-01110,30,22.097452832138504,30 -> 18,lost
181.0,20.292232182669437,1.3235922605776855,30,29,0,1110,181,929,0.16306306306306306,45.075019905709695,1532,60,,,,,
182.0,20.292232182669437,1.3235922605776855,30,29,0,1110,181,929,0.16306306306306306,45.075019905709695,1532,60,,,,,
183.0,20.292232182669437,1.3235922605776855,30,29,0,1110,181,929,0.16306306306306306,45.075019905709695,1532,60,,,,,
184.0,20.292232182669437,1.3235922605776855,30,29,0,1110,181,929,0.16306306306306306,45.075019905709695,1532,60,,,,,
185.0,20.833241253815828,1.3055586248728057,30,29,0,1140,185,955,0.16228070175438597,46.07768179917013,1572,61,RL-01140,30,31.10987270351267,30 -> 18,lost
186.0,20.833241253815828,1.3055586248728057,30,29,0,1140,185,955,0.16228070175438597,46.07768179917013,1572,61,,,,,
187.0,20.833241253815828,1.3055586248728057,30,29,0,1140,185,955,0.16228070175438597,46.07768179917013,1572,61,,,,,
188.0,20.833241253815828,1.3055586248728057,30,29,0,1140,185,955,0.16228070175438597,46.07768179917013,1572,61,,,,,
189.0,20.833241253815828,1.3055586248728057,30,29,0,1140,185,955,0.16228070175438597,46.07768179917013,1572,61,,,,,
190.0,21.360365507581854,1.2879878164139382,30,29,0,1170,187,983,0.15982905982905982,46.581858533860114,1611,62,RL-01170,30,26.95890035870749,30 -> 18,lost
191.0,21.360365507581854,1.2879878164139382,30,29,0,1170,187,983,0.15982905982905982,46.581858533860114,1611,62,,,,,
192.0,21.360365507581854,1.2879878164139382,30,29,0,1170,187,983,0.15982905982905982,46.581858533860114,1611,62,,,,,
193.0,21.360365507581854,1.2879878164139382,30,29,0,1170,187,983,0.15982905982905982,46.581858533860114,1611,62,,,,,
194.0,21.360365507581854,1.2879878164139382,30,29,0,1170,187,983,0.15982905982905982,46.581858533860114,1611,62,,,,,
195.0,21.91983467447686,1.3131091491559703,29,28,1,1200,191,1009,0.15916666666666668,47.532806717659916,1653,67,RL-01200,30,21.368193556870228,30 -> 18,lost
196.0,21.91983467447686,1.3131091491559703,29,28,1,1200,191,1009,0.15916666666666668,47.532806717659916,1653,67,,,,,
197.0,21.91983467447686,1.3131091491559703,29,28,1,1200,191,1009,0.15916666666666668,47.532806717659916,1653,67,,,,,
198.0,21.91983467447686,1.3131091491559703,29,28,1,1200,191,1009,0.15916666666666668,47.532806717659916,1653,67,,,,,
199.0,21.91983467447686,1.3131091491559703,29,28,1,1200,191,1009,0.15916666666666668,47.532806717659916,1653,67,,,,,
200.0,22.487348508501405,1.2935397066033998,29,28,1,1229,194,1035,0.15785191212367777,48.20234154500711,1694,70,RL-01229,30,25.825719118539507,30 -> 18,lost
201.0,22.487348508501405,1.2935397066033998,29,28,1,1229,194,1035,0.15785191212367777,48.20234154500711,1694,70,,,,,
202.0,22.487348508501405,1.2935397066033998,29,28,1,1229,194,1035,0.15785191212367777,48.20234154500711,1694,70,,,,,
203.0,22.487348508501405,1.2935397066033998,29,28,1,1229,194,1035,0.15785191212367777,48.20234154500711,1694,70,,,,,
204.0,22.487348508501405,1.2935397066033998,29,28,1,1229,194,1035,0.15785191212367777,48.20234154500711,1694,70,,,,,
205.0,23.076110255279957,1.2732375774041393,29,28,1,1258,199,1059,0.15818759936406995,49.3499612697653,1738,71,RL-01258,30,22.61304006433296,30 -> 18 -> 0,lost
206.0,23.076110255279957,1.2732375774041393,29,28,1,1258,199,1059,0.15818759936406995,49.3499612697653,1738,71,,,,,
207.0,23.076110255279957,1.2732375774041393,29,28,1,1258,199,1059,0.15818759936406995,49.3499612697653,1738,71,,,,,
208.0,23.076110255279957,1.2732375774041393,29,28,1,1258,199,1059,0.15818759936406995,49.3499612697653,1738,71,,,,,
209.0,23.076110255279957,1.2732375774041393,29,28,1,1258,199,1059,0.15818759936406995,49.3499612697653,1738,71,,,,,
210.0,23.656636243983357,1.2532194398626428,29,28,1,1287,205,1082,0.1592851592851593,50.794991853290234,1781,73,RL-01287,30,33.34629905606066,30 -> 18,lost
211.0,23.656636243983357,1.2532194398626428,29,28,1,1287,205,1082,0.1592851592851593,50.794991853290234,1781,73,,,,,
212.0,23.656636243983357,1.2532194398626428,29,28,1,1287,205,1082,0.1592851592851593,50.794991853290234,1781,73,,,,,
213.0,23.656636243983357,1.2532194398626428,29,28,1,1287,205,1082,0.1592851592851593,50.794991853290234,1781,73,,,,,
214.0,23.656636243983357,1.2532194398626428,29,28,1,1287,205,1082,0.1592851592851593,50.794991853290234,1781,73,,,,,
215.0,24.18438196262214,1.2350213116337192,29,28,1,1316,210,1106,0.1595744680851064,51.88036348209063,1819,78,RL-01316,30,21.804228121331498,30 -> 18 -> 0,lost
216.0,24.18438196262214,1.2350213116337192,29,28,1,1316,210,1106,0.1595744680851064,51.88036348209063,1819,78,,,,,
217.0,24.18438196262214,1.2350213116337192,29,28,1,1316,210,1106,0.1595744680851064,51.88036348209063,1819,78,,,,,
218.0,24.18438196262214,1.2350213116337192,29,28,1,1316,210,1106,0.1595744680851064,51.88036348209063,1819,78,,,,,
219.0,24.18438196262214,1.2350213116337192,29,28,1,1316,210,1106,0.1595744680851064,51.88036348209063,1819,78,,,,,
220.0,24.757466024733134,1.2586619276881024,28,27,2,1345,213,1132,0.158364312267658,52.63392643774195,1862,81,RL-01345,30,32.35954151382711,30 -> 18,lost
221.0,24.757466024733134,1.2586619276881024,28,27,2,1345,213,1132,0.158364312267658,52.63392643774195,1862,81,,,,,
222.0,24.757466024733134,1.2586619276881024,28,27,2,1345,213,1132,0.158364312267658,52.63392643774195,1862,81,,,,,
223.0,24.757466024733134,1.2586619276881024,28,27,2,1345,213,1132,0.158364312267658,52.63392643774195,1862,81,,,,,
224.0,24.757466024733134,1.2586619276881024,28,27,2,1345,213,1132,0.158364312267658,52.63392643774195,1862,81,,,,,
225.0,25.367621396169064,1.2368706644225334,28,27,2,1373,218,1155,0.15877640203932994,53.73484339013534,1905,90,RL-01373,30,29.935331787893784,30 -> 18 -> 0,lost
226.0,25.367621396169064,1.2368706644225334,28,27,2,1373,218,1155,0.15877640203932994,53.73484339013534,1905,90,,,,,
227.0,25.367621396169064,1.2368706644225334,28,27,2,1373,218,1155,0.15877640203932994,53.73484339013534,1905,90,,,,,
228.0,25.367621396169064,1.2368706644225334,28,27,2,1373,218,1155,0.15877640203932994,53.73484339013534,1905,90,,,,,
229.0,25.367621396169064,1.2368706644225334,28,27,2,1373,218,1155,0.15877640203932994,53.73484339013534,1905,90,,,,,
230.0,26.036460516261464,1.212983552990662,28,27,2,1401,222,1179,0.15845824411134904,54.69475355482512,1954,96,RL-01401,30,28.541053819601807,30 -> 18 -> 0,lost
231.0,26.036460516261464,1.212983552990662,28,27,2,1401,222,1179,0.15845824411134904,54.69475355482512,1954,96,,,,,
232.0,26.036460516261464,1.212983552990662,28,27,2,1401,222,1179,0.15845824411134904,54.69475355482512,1954,96,,,,,
233.0,26.036460516261464,1.212983552990662,28,27,2,1401,222,1179,0.15845824411134904,54.69475355482512,1954,96,,,,,
234.0,26.036460516261464,1.212983552990662,28,27,2,1401,222,1179,0.15845824411134904,54.69475355482512,1954,96,,,,,
235.0,26.68825906528886,1.2337681827670792,27,26,3,1429,224,1205,0.15675297410776767,55.136625903279494,2001,101,RL-01429,30,28.209235770933883,30 -> 18,lost
236.0,26.68825906528886,1.2337681827670792,27,26,3,1429,224,1205,0.15675297410776767,55.136625903279494,2001,101,,,,,
237.0,26.68825906528886,1.2337681827670792,27,26,3,1429,224,1205,0.15675297410776767,55.136625903279494,2001,101,,,,,
238.0,26.68825906528886,1.2337681827670792,27,26,3,1429,224,1205,0.15675297410776767,55.136625903279494,2001,101,,,,,
239.0,26.68825906528886,1.2337681827670792,27,26,3,1429,224,1205,0.15675297410776767,55.136625903279494,2001,101,,,,,
240.0,27.363321254828172,1.2087658794508085,27,26,3,1456,229,1227,0.15728021978021978,56.30546616482925,2050,108,RL-01456,30,20.87969593497766,30 -> 18 -> 0,lost
241.0,27.363321254828172,1.2087658794508085,27,26,3,1456,229,1227,0.15728021978021978,56.30546616482925,2050,108,,,,,
242.0,27.363321254828172,1.2087658794508085,27,26,3,1456,229,1227,0.15728021978021978,56.30546616482925,2050,108,,,,,
243.0,27.363321254828172,1.2087658794508085,27,26,3,1456,229,1227,0.15728021978021978,56.30546616482925,2050,108,,,,,
244.0,27.363321254828172,1.2087658794508085,27,26,3,1456,229,1227,0.15728021978021978,56.30546616482925,2050,108,,,,,
245.0,28.045175960263673,1.2290316938360126,26,25,4,1483,232,1251,0.1564396493594066,56.990206482752725,2101,118,RL-01483,30,20.814128199583518,30 -> 9 -> 0,lost
246.0,28.045175960263673,1.2290316938360126,26,25,4,1483,232,1251,0.1564396493594066,56.990206482752725,2101,118,,,,,
247.0,28.045175960263673,1.2290316938360126,26,25,4,1483,232,1251,0.1564396493594066,56.990206482752725,2101,118,,,,,
248.0,28.045175960263673,1.2290316938360126,26,25,4,1483,232,1251,0.1564396493594066,56.990206482752725,2101,118,,,,,
249.0,28.045175960263673,1.2290316938360126,26,25,4,1483,232,1251,0.1564396493594066,56.990206482752725,2101,118,,,,,
250.0,28.79002565769819,1.2003836285500695,26,25,4,1509,236,1273,0.1563949635520212,57.91056706860207,2157,125,RL-01509,30,34.37489679207795,30 -> 6 -> 0,lost
251.0,28.79002565769819,1.2003836285500695,26,25,4,1509,236,1273,0.1563949635520212,57.91056706860207,2157,125,,,,,
252.0,28.79002565769819,1.2003836285500695,26,25,4,1509,236,1273,0.1563949635520212,57.91056706860207,2157,125,,,,,
253.0,28.79002565769819,1.2003836285500695,26,25,4,1509,236,1273,0.1563949635520212,57.91056706860207,2157,125,,,,,
254.0,28.79002565769819,1.2003836285500695,26,25,4,1509,236,1273,0.1563949635520212,57.91056706860207,2157,125,,,,,
255.0,29.443625970771542,1.2222549611691382,25,24,5,1535,240,1295,0.1563517915309446,58.862220128968154,2207,135,RL-01535,30,22.322085466974293,30 -> 9,lost
256.0,29.443625970771542,1.2222549611691382,25,24,5,1535,240,1295,0.1563517915309446,58.862220128968154,2207,135,,,,,
257.0,29.443625970771542,1.2222549611691382,25,24,5,1535,240,1295,0.1563517915309446,58.862220128968154,2207,135,,,,,
258.0,29.443625970771542,1.2222549611691382,25,24,5,1535,240,1295,0.1563517915309446,58.862220128968154,2207,135,,,,,
259.0,29.443625970771542,1.2222549611691382,25,24,5,1535,240,1295,0.1563517915309446,58.862220128968154,2207,135,,,,,
260.0,30.028007064744276,1.198879717410229,25,24,5,1560,244,1316,0.1564102564102564,59.81004184135,2251,139,RL-01560,30,29.69841738977518,30 -> 9 -> 0,lost
261.0,30.028007064744276,1.198879717410229,25,24,5,1560,244,1316,0.1564102564102564,59.81004184135,2251,139,,,,,
262.0,30.028007064744276,1.198879717410229,25,24,5,1560,244,1316,0.1564102564102564,59.81004184135,2251,139,,,,,
263.0,30.028007064744276,1.198879717410229,25,24,5,1560,244,1316,0.1564102564102564,59.81004184135,2251,139,,,,,
264.0,30.028007064744276,1.198879717410229,25,24,5,1560,244,1316,0.1564102564102564,59.81004184135,2251,139,,,,,
265.0,30.670952173456293,1.1731619130617483,25,24,5,1585,248,1337,0.15646687697160883,60.76937627293436,2298,146,RL-01585,30,34.914695756381505,30 -> 9 -> 0,lost
266.0,30.670952173456293,1.1731619130617483,25,24,5,1585,248,1337,0.15646687697160883,60.76937627293436,2298,146,,,,,
267.0,30.670952173456293,1.1731619130617483,25,24,5,1585,248,1337,0.15646687697160883,60.76937627293436,2298,146,,,,,
268.0,30.670952173456293,1.1731619130617483,25,24,5,1585,248,1337,0.15646687697160883,60.76937627293436,2298,146,,,,,
269.0,30.670952173456293,1.1731619130617483,25,24,5,1585,248,1337,0.15646687697160883,60.76937627293436,2298,146,,,,,
270.0,31.285545885997923,1.148578164560083,25,24,5,1610,251,1359,0.15590062111801242,61.478381597057115,2343,156,RL-01610,30,32.098100853918474,30 -> 9 -> 0,lost
271.0,31.285545885997923,1.148578164560083,25,24,5,1610,251,1359,0.15590062111801242,61.478381597057115,2343,156,,,,,
272.0,31.285545885997923,1.148578164560083,25,24,5,1610,251,1359,0.15590062111801242,61.478381597057115,2343,156,,,,,
273.0,31.285545885997923,1.148578164560083,25,24,5,1610,251,1359,0.15590062111801242,61.478381597057115,2343,156,,,,,
274.0,31.285545885997923,1.148578164560083,25,24,5,1610,251,1359,0.15590062111801242,61.478381597057115,2343,156,,,,,
275.0,31.868034905258945,1.1252786037896423,25,24,5,1635,251,1384,0.15351681957186544,61.478381597057115,2387,162,RL-01635,30,28.584039488456966,30 -> 9,lost
276.0,31.868034905258945,1.1252786037896423,25,24,5,1635,251,1384,0.15351681957186544,61.478381597057115,2387,162,,,,,
277.0,31.868034905258945,1.1252786037896423,25,24,5,1635,251,1384,0.15351681957186544,61.478381597057115,2387,162,,,,,
278.0,31.868034905258945,1.1252786037896423,25,24,5,1635,251,1384,0.15351681957186544,61.478381597057115,2387,162,,,,,
279.0,31.868034905258945,1.1252786037896423,25,24,5,1635,251,1384,0.15351681957186544,61.478381597057115,2387,162,,,,,
280.0,32.403522562791245,1.1038590974883502,25,24,5,1660,254,1406,0.1530120481927711,62.21523788222852,2426,170,RL-01660,30,22.00824658436902,30 -> 9 -> 0,lost
281.0,32.403522562791245,1.1038590974883502,25,24,5,1660,254,1406,0.1530120481927711,62.21523788222852,2426,170,,,,,
282.0,32.403522562791245,1.1038590974883502,25,24,5,1660,254,1406,0.1530120481927711,62.21523788222852,2426,170,,,,,
283.0,32.403522562791245,1.1038590974883502,25,24,5,1660,254,1406,0.1530120481927711,62.21523788222852,2426,170,,,,,
284.0,32.403522562791245,1.1038590974883502,25,24,5,1660,254,1406,0.1530120481927711,62.21523788222852,2426,170,,,,,
285.0,33.02076524430323,1.079169390227871,25,24,5,1685,255,1430,0.1513353115727003,62.469681303384974,2472,179,RL-01685,30,29.853263340602645,30 -> 9 -> 0,lost
286.0,33.02076524430323,1.079169390227871,25,24,5,1685,255,1430,0.1513353115727003,62.469681303384974,2472,179,,,,,
287.0,33.02076524430323,1.079169390227871,25,24,5,1685,255,1430,0.1513353115727003,62.469681303384974,2472,179,,,,,
288.0,33.02076524430323,1.079169390227871,25,24,5,1685,255,1430,0.1513353115727003,62.469681303384974,2472,179,,,,,
289.0,33.02076524430323,1.079169390227871,25,24,5,1685,255,1430,0.1513353115727003,62.469681303384974,2472,179,,,,,
290.0,33.60413337364665,1.0998277760980564,24,22,6,1710,259,1451,0.15146198830409358,63.46195456510877,2516,186,RL-01710,30,21.140432308005337,30 -> 9 -> 0,lost
291.0,33.60413337364665,1.0998277760980564,24,22,6,1710,259,1451,0.15146198830409358,63.46195456510877,2516,186,,,,,
292.0,33.60413337364665,1.0998277760980564,24,22,6,1710,259,1451,0.15146198830409358,63.46195456510877,2516,186,,,,,
293.0,33.60413337364665,1.0998277760980564,24,22,6,1710,259,1451,0.15146198830409358,63.46195456510877,2516,186,,,,,
294.0,33.60413337364665,1.0998277760980564,24,22,6,1710,259,1451,0.15146198830409358,63.46195456510877,2516,186,,,,,
295.0,34.13628458550981,1.077654808937091,24,22,6,1734,261,1473,0.15051903114186851,63.941987601534684,2556,192,RL-01734,30,30.51068940224451,30 -> 9,lost
296.0,34.13628458550981,1.077654808937091,24,22,6,1734,261,1473,0.15051903114186851,63.941987601534684,2556,192,,,,,
297.0,34.13628458550981,1.077654808937091,24,22,6,1734,261,1473,0.15051903114186851,63.941987601534684,2556,192,,,,,
298.0,34.13628458550981,1.077654808937091,24,22,6,1734,261,1473,0.15051903114186851,63.941987601534684,2556,192,,,,,
299.0,34.13628458550981,1.077654808937091,24,22,6,1734,261,1473,0.15051903114186851,63.941987601534684,2556,192,,,,,
300.0,34.676039108253306,1.0551650371561123,24,22,6,1758,264,1494,0.15017064846416384,64.64351804545664,2596,195,RL-01758,30,28.5745636081069,30 -> 9 -> 0,lost
301.0,34.676039108253306,1.0551650371561123,24,22,6,1758,264,1494,0.15017064846416384,64.64351804545664,2596,195,,,,,
302.0,34.676039108253306,1.0551650371561123,24,22,6,1758,264,1494,0.15017064846416384,64.64351804545664,2596,195,,,,,
303.0,34.676039108253306,1.0551650371561123,24,22,6,1758,264,1494,0.15017064846416384,64.64351804545664,2596,195,,,,,
304.0,34.676039108253306,1.0551650371561123,24,22,6,1758,264,1494,0.15017064846416384,64.64351804545664,2596,195,,,,,
305.0,35.215826771492004,1.0326738845211665,24,22,6,1782,264,1518,0.14814814814814814,64.64351804545664,2636,199,RL-01782,30,28.095021832040892,30 -> 9 -> 0,lost
306.0,35.215826771492004,1.0326738845211665,24,22,6,1782,264,1518,0.14814814814814814,64.64351804545664,2636,199,,,,,
307.0,35.215826771492004,1.0326738845211665,24,22,6,1782,264,1518,0.14814814814814814,64.64351804545664,2636,199,,,,,
308.0,35.215826771492004,1.0326738845211665,24,22,6,1782,264,1518,0.14814814814814814,64.64351804545664,2636,199,,,,,
309.0,35.215826771492004,1.0326738845211665,24,22,6,1782,264,1518,0.14814814814814814,64.64351804545664,2636,199,,,,,
310.0,35.68461345436661,1.0131411060680577,24,22,6,1806,265,1541,0.14673311184939092,64.8640896754738,2671,201,RL-01806,30,25.128692808029392,30 -> 9,lost
311.0,35.68461345436661,1.0131411060680577,24,22,6,1806,265,1541,0.14673311184939092,64.8640896754738,2671,201,,,,,
312.0,35.68461345436661,1.0131411060680577,24,22,6,1806,265,1541,0.14673311184939092,64.8640896754738,2671,201,,,,,
313.0,35.68461345436661,1.0131411060680577,24,22,6,1806,265,1541,0.14673311184939092,64.8640896754738,2671,201,,,,,
314.0,35.68461345436661,1.0131411060680577,24,22,6,1806,265,1541,0.14673311184939092,64.8640896754738,2671,201,,,,,
315.0,36.06246637183338,1.0407623316594183,23,10,7,1830,268,1562,0.146448087431694,65.5188666567185,2700,202,RL-01830,30,31.752128603765897,30 -> 9,failed_parent_energy
316.0,36.06246637183338,1.0407623316594183,23,10,7,1830,268,1562,0.146448087431694,65.5188666567185,2700,202,,,,,
317.0,36.06246637183338,1.0407623316594183,23,10,7,1830,268,1562,0.146448087431694,65.5188666567185,2700,202,,,,,
318.0,36.06246637183338,1.0407623316594183,23,10,7,1830,268,1562,0.146448087431694,65.5188666567185,2700,202,,,,,
319.0,36.06246637183338,1.0407623316594183,23,10,7,1830,268,1562,0.146448087431694,65.5188666567185,2700,202,,,,,
320.0,36.24330593237152,1.0328997420708035,23,10,7,1853,269,1584,0.14516999460334593,65.77533956005784,2727,204,RL-01853,30,33.71711002967069,30,failed_no_parent
321.0,36.24330593237152,1.0328997420708035,23,10,7,1853,269,1584,0.14516999460334593,65.77533956005784,2727,204,,,,,
322.0,36.24330593237152,1.0328997420708035,23,10,7,1853,269,1584,0.14516999460334593,65.77533956005784,2727,204,,,,,
323.0,36.24330593237152,1.0328997420708035,23,10,7,1853,269,1584,0.14516999460334593,65.77533956005784,2727,204,,,,,
324.0,36.24330593237152,1.0328997420708035,23,10,7,1853,269,1584,0.14516999460334593,65.77533956005784,2727,204,,,,,
325.0,36.42605631610276,1.0249540732129236,23,10,7,1876,270,1606,0.1439232409381663,65.98999570983543,2754,204,RL-01876,30,27.887320439216175,30,failed_no_parent
326.0,36.42605631610276,1.0249540732129236,23,10,7,1876,270,1606,0.1439232409381663,65.98999570983543,2754,204,,,,,
327.0,36.42605631610276,1.0249540732129236,23,10,7,1876,270,1606,0.1439232409381663,65.98999570983543,2754,204,,,,,
328.0,36.42605631610276,1.0249540732129236,23,10,7,1876,270,1606,0.1439232409381663,65.98999570983543,2754,204,,,,,
329.0,36.42605631610276,1.0249540732129236,23,10,7,1876,270,1606,0.1439232409381663,65.98999570983543,2754,204,,,,,
330.0,36.62196068931525,1.0164364917689022,23,10,7,1899,270,1629,0.14218009478672985,65.98999570983543,2782,204,RL-01899,30,26.880808886425616,30,failed_no_parent
331.0,36.62196068931525,1.0164364917689022,23,10,7,1899,270,1629,0.14218009478672985,65.98999570983543,2782,204,,,,,
332.0,36.62196068931525,1.0164364917689022,23,10,7,1899,270,1629,0.14218009478672985,65.98999570983543,2782,204,,,,,
333.0,36.62196068931525,1.0164364917689022,23,10,7,1899,270,1629,0.14218009478672985,65.98999570983543,2782,204,,,,,
334.0,36.62196068931525,1.0164364917689022,23,10,7,1899,270,1629,0.14218009478672985,65.98999570983543,2782,204,,,,,
335.0,36.872466983012266,1.0055449137820753,23,10,7,1922,270,1652,0.1404786680541103,65.98999570983543,2814,205,RL-01922,30,33.88883675317598,30,failed_no_parent
336.0,36.872466983012266,1.0055449137820753,23,10,7,1922,270,1652,0.1404786680541103,65.98999570983543,2814,205,,,,,
337.0,36.872466983012266,1.0055449137820753,23,10,7,1922,270,1652,0.1404786680541103,65.98999570983543,2814,205,,,,,
338.0,36.872466983012266,1.0055449137820753,23,10,7,1922,270,1652,0.1404786680541103,65.98999570983543,2814,205,,,,,
339.0,36.872466983012266,1.0055449137820753,23,10,7,1922,270,1652,0.1404786680541103,65.98999570983543,2814,205,,,,,
340.0,37.122973276709274,0.9946533357952488,23,10,7,1945,270,1675,0.13881748071979436,65.98999570983543,2846,208,RL-01945,30,27.536024156708493,30,failed_no_parent
341.0,37.122973276709274,0.9946533357952488,23,10,7,1945,270,1675,0.13881748071979436,65.98999570983543,2846,208,,,,,
342.0,37.122973276709274,0.9946533357952488,23,10,7,1945,270,1675,0.13881748071979436,65.98999570983543,2846,208,,,,,
343.0,37.122973276709274,0.9946533357952488,23,10,7,1945,270,1675,0.13881748071979436,65.98999570983543,2846,208,,,,,
344.0,37.122973276709274,0.9946533357952488,23,10,7,1945,270,1675,0.13881748071979436,65.98999570983543,2846,208,,,,,
345.0,37.31851263759155,0.9861516244525411,23,10,7,1968,270,1698,0.13719512195121952,65.98999570983543,2874,210,RL-01968,30,20.363102455029036,30,failed_no_parent
346.0,37.31851263759155,0.9861516244525411,23,10,7,1968,270,1698,0.13719512195121952,65.98999570983543,2874,210,,,,,
347.0,37.31851263759155,0.9861516244525411,23,10,7,1968,270,1698,0.13719512195121952,65.98999570983543,2874,210,,,,,
348.0,37.31851263759155,0.9861516244525411,23,10,7,1968,270,1698,0.13719512195121952,65.98999570983543,2874,210,,,,,
349.0,37.31851263759155,0.9861516244525411,23,10,7,1968,270,1698,0.13719512195121952,65.98999570983543,2874,210,,,,,
350.0,37.50988201593298,0.9778312166985661,23,10,7,1991,272,1719,0.1366147664490206,66.46538177079252,2901,212,RL-01991,30,22.55479470567145,30,failed_no_parent
351.0,37.50988201593298,0.9778312166985661,23,10,7,1991,272,1719,0.1366147664490206,66.46538177079252,2901,212,,,,,
352.0,37.50988201593298,0.9778312166985661,23,10,7,1991,272,1719,0.1366147664490206,66.46538177079252,2901,212,,,,,
353.0,37.50988201593298,0.9778312166985661,23,10,7,1991,272,1719,0.1366147664490206,66.46538177079252,2901,212,,,,,
354.0,37.50988201593298,0.9778312166985661,23,10,7,1991,272,1719,0.1366147664490206,66.46538177079252,2901,212,,,,,
355.0,37.688750103622,0.9700543433207826,23,10,7,2014,272,1742,0.13505461767626614,66.46538177079252,2927,214,RL-02014,30,34.6736640086682,30,failed_no_parent
356.0,37.688750103622,0.9700543433207826,23,10,7,2014,272,1742,0.13505461767626614,66.46538177079252,2927,214,,,,,
357.0,37.688750103622,0.9700543433207826,23,10,7,2014,272,1742,0.13505461767626614,66.46538177079252,2927,214,,,,,
358.0,37.688750103622,0.9700543433207826,23,10,7,2014,272,1742,0.13505461767626614,66.46538177079252,2927,214,,,,,
359.0,37.688750103622,0.9700543433207826,23,10,7,2014,272,1742,0.13505461767626614,66.46538177079252,2927,214,,,,,
360.0,37.90248238910563,0.960761635256277,23,10,7,2037,275,1762,0.13500245459008345,67.14623215147479,2956,216,RL-02037,30,24.762443162629086,30,failed_no_parent
361.0,37.90248238910563,0.960761635256277,23,10,7,2037,275,1762,0.13500245459008345,67.14623215147479,2956,216,,,,,
362.0,37.90248238910563,0.960761635256277,23,10,7,2037,275,1762,0.13500245459008345,67.14623215147479,2956,216,,,,,
363.0,37.90248238910563,0.960761635256277,23,10,7,2037,275,1762,0.13500245459008345,67.14623215147479,2956,216,,,,,
364.0,37.90248238910563,0.960761635256277,23,10,7,2037,275,1762,0.13500245459008345,67.14623215147479,2956,216,,,,,
365.0,38.153353695132864,0.9498541871681363,23,10,7,2060,275,1785,0.13349514563106796,67.14623215147479,2988,216,RL-02060,30,31.135499924943495,30,failed_no_parent
366.0,38.153353695132864,0.9498541871681363,23,10,7,2060,275,1785,0.13349514563106796,67.14623215147479,2988,216,,,,,
367.0,38.153353695132864,0.9498541871681363,23,10,7,2060,275,1785,0.13349514563106796,67.14623215147479,2988,216,,,,,
368.0,38.153353695132864,0.9498541871681363,23,10,7,2060,275,1785,0.13349514563106796,67.14623215147479,2988,216,,,,,
369.0,38.153353695132864,0.9498541871681363,23,10,7,2060,275,1785,0.13349514563106796,67.14623215147479,2988,216,,,,,
370.0,38.349258068345364,0.9413366057241148,23,10,7,2083,276,1807,0.13250120019203074,67.35329290454916,3016,216,RL-02083,30,26.920207459459444,30,failed_no_parent
371.0,38.349258068345364,0.9413366057241148,23,10,7,2083,276,1807,0.13250120019203074,67.35329290454916,3016,216,,,,,
372.0,38.349258068345364,0.9413366057241148,23,10,7,2083,276,1807,0.13250120019203074,67.35329290454916,3016,216,,,,,
373.0,38.349258068345364,0.9413366057241148,23,10,7,2083,276,1807,0.13250120019203074,67.35329290454916,3016,216,,,,,
374.0,38.349258068345364,0.9413366057241148,23,10,7,2083,276,1807,0.13250120019203074,67.35329290454916,3016,216,,,,,
375.0,38.590555444381444,0.9308454154616763,23,10,7,2106,276,1830,0.13105413105413105,67.35329290454916,3047,217,RL-02106,30,22.251346017657678,30,failed_no_parent
376.0,38.590555444381444,0.9308454154616763,23,10,7,2106,276,1830,0.13105413105413105,67.35329290454916,3047,217,,,,,
377.0,38.590555444381444,0.9308454154616763,23,10,7,2106,276,1830,0.13105413105413105,67.35329290454916,3047,217,,,,,
378.0,38.590555444381444,0.9308454154616763,23,10,7,2106,276,1830,0.13105413105413105,67.35329290454916,3047,217,,,,,
379.0,38.590555444381444,0.9308454154616763,23,10,7,2106,276,1830,0.13105413105413105,67.35329290454916,3047,217,,,,,
380.0,38.86391546636543,0.9607311151652077,22,9,8,2129,278,1851,0.13057773602630343,67.78373825866989,3081,224,RL-02129,30,29.16634634072981,30,failed_no_parent
381.0,38.86391546636543,0.9607311151652077,22,9,8,2129,278,1851,0.13057773602630343,67.78373825866989,3081,224,,,,,
382.0,38.86391546636543,0.9607311151652077,22,9,8,2129,278,1851,0.13057773602630343,67.78373825866989,3081,224,,,,,
383.0,38.86391546636543,0.9607311151652077,22,9,8,2129,278,1851,0.13057773602630343,67.78373825866989,3081,224,,,,,
384.0,38.86391546636543,0.9607311151652077,22,9,8,2129,278,1851,0.13057773602630343,67.78373825866989,3081,224,,,,,
385.0,39.0843790246319,0.9507100443349138,22,9,8,2151,280,1871,0.1301720130172013,68.21508796487461,3111,226,RL-02151,30,27.795587002767405,30,failed_no_parent
386.0,39.0843790246319,0.9507100443349138,22,9,8,2151,280,1871,0.1301720130172013,68.21508796487461,3111,226,,,,,
387.0,39.0843790246319,0.9507100443349138,22,9,8,2151,280,1871,0.1301720130172013,68.21508796487461,3111,226,,,,,
388.0,39.0843790246319,0.9507100443349138,22,9,8,2151,280,1871,0.1301720130172013,68.21508796487461,3111,226,,,,,
389.0,39.0843790246319,0.9507100443349138,22,9,8,2151,280,1871,0.1301720130172013,68.21508796487461,3111,226,,,,,
390.0,39.34888300558961,0.938687136109563,22,9,8,2173,281,1892,0.12931431201104465,68.43499938538159,3144,226,RL-02173,30,25.026644818015775,30,failed_no_parent
391.0,39.34888300558961,0.938687136109563,22,9,8,2173,281,1892,0.12931431201104465,68.43499938538159,3144,226,,,,,
392.0,39.34888300558961,0.938687136109563,22,9,8,2173,281,1892,0.12931431201104465,68.43499938538159,3144,226,,,,,
393.0,39.34888300558961,0.938687136109563,22,9,8,2173,281,1892,0.12931431201104465,68.43499938538159,3144,226,,,,,
394.0,39.34888300558961,0.938687136109563,22,9,8,2173,281,1892,0.12931431201104465,68.43499938538159,3144,226,,,,,
395.0,39.60015799569946,0.9272655456500245,22,9,8,2195,284,1911,0.12938496583143508,69.07912100910482,3176,226,RL-02195,30,27.23994786720229,30,failed_no_parent
396.0,39.60015799569946,0.9272655456500245,22,9,8,2195,284,1911,0.12938496583143508,69.07912100910482,3176,226,,,,,
397.0,39.60015799569946,0.9272655456500245,22,9,8,2195,284,1911,0.12938496583143508,69.07912100910482,3176,226,,,,,
398.0,39.60015799569946,0.9272655456500245,22,9,8,2195,284,1911,0.12938496583143508,69.07912100910482,3176,226,,,,,
399.0,39.60015799569946,0.9272655456500245,22,9,8,2195,284,1911,0.12938496583143508,69.07912100910482,3176,226,,,,,
400.0,39.826051259248175,0.9169976700341741,22,9,8,2217,285,1932,0.12855209742895804,69.30631069316253,3206,226,RL-02217,30,29.344174440163272,30,failed_no_parent
401.0,39.826051259248175,0.9169976700341741,22,9,8,2217,285,1932,0.12855209742895804,69.30631069316253,3206,226,,,,,
402.0,39.826051259248175,0.9169976700341741,22,9,8,2217,285,1932,0.12855209742895804,69.30631069316253,3206,226,,,,,
403.0,39.826051259248175,0.9169976700341741,22,9,8,2217,285,1932,0.12855209742895804,69.30631069316253,3206,226,,,,,
404.0,39.826051259248175,0.9169976700341741,22,9,8,2217,285,1932,0.12855209742895804,69.30631069316253,3206,226,,,,,
405.0,40.05194452279689,0.9067297944183235,22,9,8,2239,286,1953,0.12773559624832515,69.52644597045916,3236,226,RL-02239,30,30.653238531182723,30,failed_no_parent
406.0,40.05194452279689,0.9067297944183235,22,9,8,2239,286,1953,0.12773559624832515,69.52644597045916,3236,226,,,,,
407.0,40.05194452279689,0.9067297944183235,22,9,8,2239,286,1953,0.12773559624832515,69.52644597045916,3236,226,,,,,
408.0,40.05194452279689,0.9067297944183235,22,9,8,2239,286,1953,0.12773559624832515,69.52644597045916,3236,226,,,,,
409.0,40.05194452279689,0.9067297944183235,22,9,8,2239,286,1953,0.12773559624832515,69.52644597045916,3236,226,,,,,
410.0,40.22583807510266,0.941626758328445,21,6,9,2261,288,1973,0.12737726669615215,69.94148801233098,3263,227,RL-02261,30,32.20873557337298,30,failed_no_parent
411.0,40.22583807510266,0.941626758328445,21,6,9,2261,288,1973,0.12737726669615215,69.94148801233098,3263,227,,,,,
412.0,40.22583807510266,0.941626758328445,21,6,9,2261,288,1973,0.12737726669615215,69.94148801233098,3263,227,,,,,
413.0,40.22583807510266,0.941626758328445,21,6,9,2261,288,1973,0.12737726669615215,69.94148801233098,3263,227,,,,,
414.0,40.22583807510266,0.941626758328445,21,6,9,2261,288,1973,0.12737726669615215,69.94148801233098,3263,227,,,,,
415.0,40.31068023004189,0.9375866557122909,21,6,9,2282,289,1993,0.1266432953549518,70.1361800953333,3285,227,RL-02282,30,33.54884007070085,30,failed_no_parent
416.0,40.31068023004189,0.9375866557122909,21,6,9,2282,289,1993,0.1266432953549518,70.1361800953333,3285,227,,,,,
417.0,40.31068023004189,0.9375866557122909,21,6,9,2282,289,1993,0.1266432953549518,70.1361800953333,3285,227,,,,,
418.0,40.31068023004189,0.9375866557122909,21,6,9,2282,289,1993,0.1266432953549518,70.1361800953333,3285,227,,,,,
419.0,40.31068023004189,0.9375866557122909,21,6,9,2282,289,1993,0.1266432953549518,70.1361800953333,3285,227,,,,,
420.0,40.40821324826169,0.9329422262732527,21,6,9,2303,289,2014,0.12548849326964828,70.1361800953333,3308,227,RL-02303,30,25.388669458370465,30,failed_no_parent
